{
    "extensions": [
        {
            "type": "@WebInspector.PanelFactory",
            "name": "resources",
            "title": "Resources",
            "order": 5,
            "className": "WebInspector.ResourcesPanelFactory"
        },
        {
            "type": "@WebInspector.Revealer",
            "contextTypes": ["WebInspector.Resource"],
            "className": "WebInspector.ResourcesPanel.ResourceRevealer"
        }
    ],
    "dependencies": ["source_frame", "ui_lazy", "components_lazy"],
    "scripts": [
        "ApplicationCacheItemsView.js",
        "CookieItemsView.js",
        "DatabaseModel.js",
        "DOMStorageModel.js",
        "DOMStorageItemsView.js",
        "DatabaseQueryView.js",
        "DatabaseTableView.js",
        "DirectoryContentView.js",
        "IndexedDBModel.js",
        "IndexedDBViews.js",
        "FileContentView.js",
        "FileSystemModel.js",
        "FileSystemView.js",
        "ResourcesPanel.js",
        "ServiceWorkerCacheViews.js",
        "ServiceWorkersView.js"
    ],
    "resources": [
        "indexedDBViews.css",
        "resourcesPanel.css",
        "serviceWorkerCacheViews.css",
        "serviceWorkersView.css"
    ]
}
