{
    "extensions": [
        {
            "type": "@WebInspector.PanelFactory",
            "name": "profiles",
            "title": "Profiles",
            "order": 4,
            "className": "WebInspector.ProfilesPanelFactory"
        },
        {
            "type": "@WebInspector.ContextMenu.Provider",
            "contextTypes": ["WebInspector.RemoteObject"],
            "className": "WebInspector.ProfilesPanel.ContextMenuProvider"
        },
        {
            "type": "setting",
            "category": "Profiler",
            "title": "Show advanced heap snapshot properties",
            "settingName": "showAdvancedHeapSnapshotProperties",
            "settingType": "boolean",
            "defaultValue": false
        },
        {
            "type": "setting",
            "category": "Profiler",
            "title": "Record heap allocation stack traces",
            "settingName": "recordAllocationStacks",
            "settingType": "boolean",
            "defaultValue": false
        },
        {
            "type": "setting",
            "category": "Profiler",
            "title": "High resolution CPU profiling",
            "settingName": "highResolutionCpuProfiling",
            "settingType": "boolean",
            "defaultValue": false
        }
    ],
    "dependencies": [
        "components",
        "ui_lazy"
    ],
    "scripts": [
        "ProfilesPanel.js",
        "CPUProfileDataGrid.js",
        "CPUProfileBottomUpDataGrid.js",
        "CPUProfileTopDownDataGrid.js",
        "CPUProfileFlameChart.js",
        "CPUProfileView.js",
        "HeapSnapshotCommon.js",
        "HeapSnapshotProxy.js",
        "HeapSnapshotDataGrids.js",
        "HeapSnapshotGridNodes.js",
        "HeapSnapshotView.js",
        "ProfileLauncherView.js",
        "ProfileTypeRegistry.js",
        "TargetsComboBoxController.js"
    ],
    "resources": [
        "heapProfiler.css",
        "profilesPanel.css"
    ]
}
