{
    "extensions": [
        {
            "type": "@WebInspector.ActionDelegate",
            "actionId": "settings.show",
            "className": "WebInspector.SettingsController.ActionDelegate",
            "bindings": [
                {
                    "shortcut": "F1 Shift+?"
                }
            ]
        },
        {
            "type": "@WebInspector.ToolbarItem.Provider",
            "actionId": "settings.show",
            "location": "main-toolbar-right",
            "title": "Settings",
            "order": 4,
            "elementClass": "settings-toolbar-item"
        },
        {
            "type": "@WebInspector.ToolbarItem.Provider",
            "actionId": "settings.show",
            "location": "elements-toolbar",
            "title": "Settings",
            "order": 1,
            "elementClass": "settings-toolbar-item"
        },
        {
            "type": "@WebInspector.SettingUI",
            "category": "Sources",
            "className": "WebInspector.SettingsScreen.SkipStackFramePatternSettingUI"
        }
    ],
    "dependencies": [
        "components"
    ],
    "scripts": [
        "EditFileSystemDialog.js",
        "FrameworkBlackboxDialog.js",
        "SettingsScreen.js"
    ]
}
