{
    "extensions": [
        {
            "type": "drawer-view",
            "name": "emulation",
            "title": "Emulation",
            "order": "10",
            "className": "WebInspector.OverridesView"
        },
        {
            "type": "@WebInspector.ToolbarItem.Provider",
            "className": "WebInspector.DeviceModeButtonProvider",
            "condition": "can_dock",
            "order": 1,
            "location": "main-toolbar-left"
        },
        {
            "type": "@WebInspector.ActionDelegate",
            "actionId": "emulation.toggle-device-mode",
            "className": "WebInspector.ToggleDeviceModeActionDelegate",
            "condition": "can_dock",
            "bindings": [
                {
                    "platform": "windows,linux",
                    "shortcut": "Shift+Ctrl+M"
                },
                {
                    "platform": "mac",
                    "shortcut": "Shift+Meta+M"
                }
            ]
        },
        {
            "type": "@WebInspector.Revealer",
            "contextTypes": ["WebInspector.OverridesSupport"],
            "className": "WebInspector.OverridesView.Revealer"
        },
        {
            "type": "settings-view",
            "name": "devices",
            "title": "Devices",
            "order": "30",
            "className": "WebInspector.DevicesSettingsTab"
        }
    ],
    "dependencies": [
        "bindings",
        "components",
        "platform",
        "ui"
    ],
    "scripts": [
        "OverridesSupport.js",
        "EmulatedDevices.js",
        "DevicesSettingsTab.js",
        "DeviceModeButton.js",
        "OverridesUI.js",
        "InspectedPagePlaceholder.js",
        "MediaQueryInspector.js",
        "ResponsiveDesignView.js",
        "OverridesView.js"
    ],
    "resources": [
        "accelerometer.css",
        "devicesSettingsTab.css",
        "responsiveDesignView.css",
        "overrides.css"
    ]
}
